source	path	bytes	sha256	status	reason
cut9-reorged	build.log	24721	53bcd3242a89ea39424111290e5dba92466900dfa34804550cf1c0a4a32b68ec	copied	
cut9-reorged	classify.mjs	7439	243805c2bad9884d78cb4ded82d37d9d582220c2e1f9c68995b9185e58813483	copied	
cut9-reorged	exposure.mjs	2080	c6f5c7e13c811940541e97d8582370bc9ee50025e3651445e86b2afe5f8397ff	copied	
cut9-reorged	install.log	5970	dc34f1696c191336cf3524548094e8ed3be86c00d668c971c486be3145593ee9	copied	
cut9-reorged	LEDGER.md	5713	c604f148463d476a253972b14f9269fac74200dee88c7ab7bbfd1b28ebe46930	copied	
cut9-reorged	miner-before.json	7448	ba4c65c7dd18d9a603f34609ad10e8b729a8e48009ff6c22ec68f7e2f69cfbcf	copied	
cut9-reorged	record-1/run.json	5053	50c936eb507421c66e16aeac4da890407c3fea8e9e34d568c74216e3b0e82600	copied	
cut9-reorged	record-1/run.log	3426	ca57a2875b0525d1a7bd82ddb19d57774df70464b901dfd702d1724f7148cc61	copied	
cut9-reorged	record-1/tx-01.json	361796	a814312161f2c44602141917223e9b30411c5d73bc65ec2e4377ddb27918fcbb	excluded	raw per-transaction record: summarised by the classification files
cut9-reorged	record-1/tx-02.json	336295	da1684a4515e0e4b1a27e718e25989528e804102bdd70d6db3d47ff3ca514fe2	excluded	raw per-transaction record: summarised by the classification files
cut9-reorged	record-1/tx-03.json	326181	46ae46059e0bdcf00dc9a87b8a606310a3f180cfc10ee5f46d9f24d4d4a2451e	excluded	raw per-transaction record: summarised by the classification files
cut9-reorged	record-1/tx-04.json	308282	c11686dec2749adefc6b910ea67350c9dae840d13e62972e2f05ccf54e1f050d	excluded	raw per-transaction record: summarised by the classification files
cut9-reorged	record-1/tx-05.json	307753	c923fc146f5927babbc3d7b95325cb74e91b2218a2a60a02252f2fff9ce07c6c	excluded	raw per-transaction record: summarised by the classification files
cut9-reorged	record-1/tx-06.json	303516	1abee6c723f134bd235397a486af8f6bf8735d06489bcc370f6117760729ffdf	excluded	raw per-transaction record: summarised by the classification files
cut9-reorged	record-1/tx-07.json	292852	3252c58fcdea975ab4d94921179833d9e5c47055e0e0ba2470a079dc0a6f1e2b	excluded	raw per-transaction record: summarised by the classification files
cut9-reorged	record-1/tx-08.json	291647	d47622aec2798463a8df2ea67693fd1d93ececee3e216a2a5e1e8e144694a17e	excluded	raw per-transaction record: summarised by the classification files
cut9-reorged	record-1/tx-09.json	289966	06e8521743dadcd21576bd8e28168e7c3b8b584bda3e4c4c091bc9ee86974d58	excluded	raw per-transaction record: summarised by the classification files
cut9-reorged	record-1/tx-10.json	360536	28aeb817e8b01a839122eb8cdfd21f6f28928245a0b59ccf2983f188480039d9	excluded	raw per-transaction record: summarised by the classification files
cut9-reorged	record-1/tx-11.json	290726	2e15355cecd0fc3b8330b3611d0c9265f225a13eeb1da2a233eadb79e69fac22	excluded	raw per-transaction record: summarised by the classification files
cut9-reorged	record-1/tx-12.json	287322	1893f8d3ea6cccc328c7de21b7b2e3dc0632ecd3dd87f800da281b6945b328c2	excluded	raw per-transaction record: summarised by the classification files
cut9-reorged	record-1.console.log	3458	9f4bb0a28a8099baf72dd44ba82a0fb0d1aaed0b64b7217e21cfffc24eb76237	copied	
cut9-reorged	record-2/run.json	7204	fa5bb4c79ee1e34f4e027e7759251f32e038c8db1cc19b06925dc9b1b819a3a1	copied	
cut9-reorged	record-2/run.log	5556	591e38ed2cc2be5f5f551d6d9488bcc67b329eca1635baca26d278c6769dc9c3	copied	
cut9-reorged	record-2/tx-01.json	64740	f0ae684ab7c24b8f7ebdd2df4a2bb3384f7fc7fc7e1b5584a7e82bc1df50281e	excluded	raw per-transaction record: summarised by the classification files
cut9-reorged	record-2/tx-02.json	66237	150a229ca9794cd5f3c3a15950c55563479cd84e209602a83c02e68f8db0e085	excluded	raw per-transaction record: summarised by the classification files
cut9-reorged	record-2/tx-03.json	58535	4affd4a142d3a1bedc1cc105298ee2d5690bd4735e6be1469e6fdba78a185904	excluded	raw per-transaction record: summarised by the classification files
cut9-reorged	record-2/tx-04.json	58617	fa084d6f7c71978febf9ca63264b5a6a1cff5bf800c5616dc57f087ddde012c3	excluded	raw per-transaction record: summarised by the classification files
cut9-reorged	record-2/tx-05.json	62537	e4386255f0e10156f2f19c5bbcb875ca51cc541cf97c98fd2eb9d6c4c9b2189f	excluded	raw per-transaction record: summarised by the classification files
cut9-reorged	record-2/tx-06.json	68178	5419aad8e542a9323a164f29fcfa5dd2f6060ca0fd1aecde7a6b83a27fa8cbd6	excluded	raw per-transaction record: summarised by the classification files
cut9-reorged	record-2/tx-07.json	528613	1512e95ee48498e0a2162e46872cdf64056acb0f9646e9d406c8bb9869280480	excluded	raw per-transaction record: summarised by the classification files
cut9-reorged	record-2/tx-08.json	60053	d5082f20a6fb14dbe8824dc415fb74d9483d11f7539cff1c662d710824e048a5	excluded	raw per-transaction record: summarised by the classification files
cut9-reorged	record-2/tx-09.json	55792	8b6d116a190da754fcaffb57f07fedcebf3874e485722bb2592372e3d800f9e7	excluded	raw per-transaction record: summarised by the classification files
cut9-reorged	record-2/tx-10.json	59942	e69627f5259589947d6b835617ae7d52e25c0b5b6af3e7201b8524efb323d618	excluded	raw per-transaction record: summarised by the classification files
cut9-reorged	record-2/tx-11.json	66749	7d2f81fd01fab714945f448f6c239aa90c6070a1a1666f10c59b5211c7722e63	excluded	raw per-transaction record: summarised by the classification files
cut9-reorged	record-2/tx-12.json	51302	698c58ac0ff8c85ec5168031a3980f986f66e483cdae283d1fdfc1d7fa285c4f	excluded	raw per-transaction record: summarised by the classification files
cut9-reorged	record-2/tx-13.json	59500	b3b9b1b76f112939ab2863bb2e0a1b2c656e9a8fb637f4a9e14d70956d5b841f	excluded	raw per-transaction record: summarised by the classification files
cut9-reorged	record-2/tx-14.json	60523	7298fc9368416e3f24f0a3d39ce8f49f6763c0f75fe301375f50f35efad58342	excluded	raw per-transaction record: summarised by the classification files
cut9-reorged	record-2/tx-15.json	58946	58d84f8e65f42d7613b23237a330fd6da1e47f1b09d723e4a4950d6eefe68a33	excluded	raw per-transaction record: summarised by the classification files
cut9-reorged	record-2/tx-16.json	63517	d381d93d3cb5418621f8c6979430e41cd3f327244fc5723e38fe170801bf5967	excluded	raw per-transaction record: summarised by the classification files
cut9-reorged	record-2/tx-17.json	57347	44466dd575728e60357fe18dfefae268a430476a902fdf1870c5b3323a06cf33	excluded	raw per-transaction record: summarised by the classification files
cut9-reorged	record-2/tx-18.json	57958	9a90fde1e70cad4ab5c0e199f60d600a0a254776f1afb32ea2bf697fadf2235b	excluded	raw per-transaction record: summarised by the classification files
cut9-reorged	record-2/tx-19.json	63646	3ad90f4338fe081978bc7b5b707be5c7312da417677254947ad1a11b3e3fc484	excluded	raw per-transaction record: summarised by the classification files
cut9-reorged	record-2/tx-20.json	58371	06837653f5e78157afe45188fd5d635ce738affaebb909c6707b3d17f3c32785	excluded	raw per-transaction record: summarised by the classification files
cut9-reorged	record-2.classification-v1.json	57687	1b813c970c4ea6d4500f2f9e45156a6eb7d6af56310cc856c1f716cfe55ad1ad	copied	
cut9-reorged	record-2.classification-v2.json	58017	3ea2cdc9767703c474b182ec7a7aa450e8f128522b54c6b4b476fd5c01c5480e	copied	
cut9-reorged	record-2.console.log	5604	42823ce30ec5488ba363be2ebe4a5efb3c03cc869817adffc783cbc1f966d73f	copied	
cut9-reorged	record-2.exposure.json	6733	8f4f64042dedc76e0279b47de56d73d023e32237a413c77f6c45a5f7e51ee457	copied	
cut9-reorged	record-3.tree.txt	1380	2c89fa0c1902b793aade86074b2b147457fdfefdbb19154e2fdaab54acf2c3e6	copied	
cut9-reorged	REORGED-DESIGN.md	6051	662ea8b9349c96041566be07f43ae0f3ce0e72f6b7d70f784314b61f8c78233d	copied	
cut9-reorged	reorged-record.mjs	21196	d17f4cad2f1e380dd55c497ad76a5df0c12f38182644141d783cb03270be61bf	copied	
cut9-reorged	safe-rm-hk-reorg.log	179	a5df92949df420328c9d125942951ce7d15400e00ba318a48e0f571aae7d1717	copied	
cut10-reorged-fix	diag-finality-variant.mjs	3697	b4d7efd267377e4060b884ba53afde0c7d051cbfb56202fb9e368956cf3b9695	copied	
cut10-reorged-fix	files-at.mjs	943	6fa0ac912db586006e97643aaa8383a0b68b4960fb74f454379886e3fa7e3df8	copied	
cut10-reorged-fix	follow.mjs	5994	eb8e029d798ec97478c1d030ce14cc83cafce9158022daad23b98c46692ae4d8	copied	
cut10-reorged-fix	gate-summary.mjs	1129	560a1c0f1cd82c5b92398bcd0ef97c6a7f9681ddcc86684cadeecdfa290ca695	copied	
cut10-reorged-fix	LEDGER-fix.md	19713	19333de4b2726d7b8169566ca99f214bc1e28e7fba3292ae464ac52f1a0237a7	copied	
cut10-reorged-fix	live/docker-ps-after-harness.txt	629	dc38525f1805b4ecd2eba44818cd34a356bc4750d83f7bad37603ae35541ef5a	copied	
cut10-reorged-fix	live/docker-ps-before.txt	421	bac384ee5b7ae8fbdb1849f854422e085de4bb1f987177ec0aefb9451df1224c	copied	
cut10-reorged-fix	live/docker-ps-created.txt	630	70d759144867cee931e5f46e01002fc260c81ae82c544dbfebdf1baac4d768e5	copied	
cut10-reorged-fix	live/docker-ps-final.txt	403	dc08ab649cf52efa0928996c92ee81cb6e84484ff2473f89db65f9f50b304851	copied	
cut10-reorged-fix	live/miner-after-harness.json	6751	87983f2c04b0a9869020d81087e1e414d4a54ee6d95c2e02822bd5501be384ce	copied	
cut10-reorged-fix	live/miner-before.json	7235	542c8592cc215575fbf3d0d55d66ade815a91905db00d44224ba535f0b4fb48a	copied	
cut10-reorged-fix	live/miner-created.json	7235	542c8592cc215575fbf3d0d55d66ade815a91905db00d44224ba535f0b4fb48a	copied	
cut10-reorged-fix	live/miner-final.json	6751	87983f2c04b0a9869020d81087e1e414d4a54ee6d95c2e02822bd5501be384ce	copied	
cut10-reorged-fix	live/node-after-harness.json	9407	b95d8a88d5c44e24f8a71446bdaf98a3863a61df5230e6052d34f0dec4827d37	copied	
cut10-reorged-fix	live/node-created.json	10168	7ca7543d11e22d3709c1ac1be6cae3d58ef1de5c4b0613fc7264d594cf5a42d8	copied	
cut10-reorged-fix	live/node-proj-init.log	399	e96666d5b10fc781670b1d3d108bf11daf5233a908e2185c222ee2ff47ce958a	copied	
cut10-reorged-fix	live/node-start.log	2546	c7ff51bad8a7097e3a7acd23c85ab94ca12cdc66e93601188e88d74fc1c2d359	copied	
cut10-reorged-fix	live/record-3/run.json	7203	8796b63b4fe7bb02a369e92bcc427db81a2981bba03b5f0882b602761560412e	copied	
cut10-reorged-fix	live/record-3/run.log	5353	1297870d3574656738f04a1171fcf47f296d073ad08ad7e117b50cb914080981	copied	
cut10-reorged-fix	live/record-3/tx-01.json	37564	dfacb4ad1ce662c23d4be935739fedbf2f6deff5dbcc10459c74e7212732540c	excluded	raw per-transaction record: summarised by the classification files
cut10-reorged-fix	live/record-3/tx-02.json	34748	bbc432d55a39a6fcde7740fb8deea02e48ffbaf734179d0731acc931f7becccb	excluded	raw per-transaction record: summarised by the classification files
cut10-reorged-fix	live/record-3/tx-03.json	37200	97e741e68e896d9486f2c76c9b0ab664feefa5cdc9418af2da2b43518c3ed83f	excluded	raw per-transaction record: summarised by the classification files
cut10-reorged-fix	live/record-3/tx-04.json	32870	e9961b04aedad124ada86285d28ad12526b23b70f60486e7ac8c4116c62d5e70	excluded	raw per-transaction record: summarised by the classification files
cut10-reorged-fix	live/record-3/tx-05.json	38581	47b4e4e9afc0cec4bb5bf9db24ccfec4eededf6cd1fe585d3b65cfa0b15c4542	excluded	raw per-transaction record: summarised by the classification files
cut10-reorged-fix	live/record-3/tx-06.json	34399	ee989134defa84f5d8002a26307b43c3a142f22abc5cbcec0067f683529d98f3	excluded	raw per-transaction record: summarised by the classification files
cut10-reorged-fix	live/record-3/tx-07.json	34164	60d054738094ad8f98b9ddf1cd4a225adea1d3e2a3152449d7fa1f025337e3dd	excluded	raw per-transaction record: summarised by the classification files
cut10-reorged-fix	live/record-3/tx-08.json	36652	d80d2fe477463d7420a39ba4ccadda2f886a796868052384c17467650ae3af49	excluded	raw per-transaction record: summarised by the classification files
cut10-reorged-fix	live/record-3/tx-09.json	54688	d7356dece0e75d676eb4ba6c770d8fbb33ca0f60418776219eefd04bbbe58d3b	excluded	raw per-transaction record: summarised by the classification files
cut10-reorged-fix	live/record-3/tx-10.json	52224	77dc358f8b0ff23d8d8deb123b8abca41d3d59fea7b38ca3f52f5f28cae7a6bc	excluded	raw per-transaction record: summarised by the classification files
cut10-reorged-fix	live/record-3/tx-11.json	48541	1f568342e2eea653b0f34435ac39619afb56f7df9b8199114f8f678c3092bca1	excluded	raw per-transaction record: summarised by the classification files
cut10-reorged-fix	live/record-3/tx-12.json	54204	bdaaabee87f7e319de5cbd1ebdbc831871744cb99a4f7217ed4ad9ce6495e5d6	excluded	raw per-transaction record: summarised by the classification files
cut10-reorged-fix	live/record-3/tx-13.json	53166	3e0633914f05e377034c21fe8d6e39ae6bd0d3c0f225e152258b8831a40a879d	excluded	raw per-transaction record: summarised by the classification files
cut10-reorged-fix	live/record-3/tx-14.json	51556	b70837fccb0660a04507726984a7355c0a32149827a56ac047bf075919d3f447	excluded	raw per-transaction record: summarised by the classification files
cut10-reorged-fix	live/record-3/tx-15.json	43555	f7acda8658dbbc97b45cf188dced2a2dfe7ba1c140542a08a157775ef21682df	excluded	raw per-transaction record: summarised by the classification files
cut10-reorged-fix	live/record-3/tx-16.json	52261	5728ae3d9dd55f9ff4b048574258b17b12b68fb04db7a7499f7007b4b1824f5e	excluded	raw per-transaction record: summarised by the classification files
cut10-reorged-fix	live/record-3/tx-17.json	51832	83aeab3decccbdf3b8dc5415d2633fa7cbc5c99d58a380e9a1884cb0eb90731d	excluded	raw per-transaction record: summarised by the classification files
cut10-reorged-fix	live/record-3/tx-18.json	44746	2773852d20e63b92de90fa091db27fc7b4c5d8e5627595a0709873991fb1b76c	excluded	raw per-transaction record: summarised by the classification files
cut10-reorged-fix	live/record-3/tx-19.json	50929	9ffb35be1795323c9a70c038103d8b580abcacda0f603db98011fc385c64726d	excluded	raw per-transaction record: summarised by the classification files
cut10-reorged-fix	live/record-3/tx-20.json	51938	71de8aad2978ff2b70d44c202537c9e15febc3dc250c2267a1bef059c653cd6e	excluded	raw per-transaction record: summarised by the classification files
cut10-reorged-fix	live/record-3.classification-v2.json	16703	afb88cb44f1acfc894db0a996fa55275a93f2090f22775461ee2b29c7d0fe364	copied	
cut10-reorged-fix	live/record-3.console.log	5401	8484631a97ee1f5c28d9192d5b9fb3032ac6b4efb3a1b894617f14b0f4783e59	copied	
cut10-reorged-fix	live/record-3.exposure.json	7131	49169fa37cc74ff20e0bca8a58308711bf8ff7116ec95c13ebd51efe841de18a	copied	
cut10-reorged-fix	live/record-3.follow.json	21994	10a96f15c7f16872c036c39d549403c05abb3332dcf6bbaec5dfe7e192b5774c	copied	
cut10-reorged-fix	live/record-3.verify-links.json	6424	99d304658c35e14d334f1a472e15658dfb88a0314aff55b763d78ade01d14570	copied	
cut10-reorged-fix	live/safe-rm-home-live.log	177	a26d65dd2f72475a3f9730bf9bd97409dca886ed2697b7309963564719aa1303	copied	
cut10-reorged-fix	live/safe-rm-node-proj.log	179	dd9011464f101428f2ed09ebb3f016b97fee7348782010c6d9c6a0e153bc989d	copied	
cut10-reorged-fix	live/safe-rm-work3.log	176	2cb8bb60213a33387cd32496d31dceb38afe11c96cbd02244b906bb5a337719a	copied	
cut10-reorged-fix	logs/diag-finality-variant.log	465	41c303bee7df107d81a457e8e603b8ec83a0585c62c64757657b443cface248b	copied	
cut10-reorged-fix	logs/docker-after-fix-after-gate1.txt	1424	547743ee8e71f3cd535ecf4df91a053c079ed180d9a623cba3b3aaf70f0e1aa2	copied	
cut10-reorged-fix	logs/docker-after-late-after-gate1.txt	2314	a10177b8470575d0d9fd444a41079f0185d5557ae9e4963f7e3af68776c923c1	copied	
cut10-reorged-fix	logs/docker-before-fix-after-gate1.txt	2314	aa62fdb0ce43a8529ae138a7ae8d6f2ef98747b83dacdb6b444fcd590999b130	copied	
cut10-reorged-fix	logs/docker-before-late-after-gate1.txt	1424	c875a64bee039bee4053744ba4aa2fe9d16dbb6c7c3de380ea7e144a2f9f2216	copied	
cut10-reorged-fix	logs/fix-after-gate1.exit	23	6fa857f6f92bbf0b22fcb26d1ccc7c4b9c2618cc10b7fd735b87682259d19a81	copied	
cut10-reorged-fix	logs/fix-after-gate1.head	96	8d39916e08124290dbad6db03cce610651f4a3c52f4152c91df79f203423e119	copied	
cut10-reorged-fix	logs/fix-after-gate1.json	758128	0d78210688f5c189be893025637a403ad16c73da7aaba97d198a506fb721209a	copied	
cut10-reorged-fix	logs/fix-after-gate1.log	87503	197a1353d2674ed95c649d7d4510262eadcadf337eca7944e525832d0f3155a2	copied	
cut10-reorged-fix	logs/fix-after-gate1.status	303	1d7fceddd1d7d1e5d7aced47e040a1ae67a6eaeac2ce041e08196063fa3debf3	copied	
cut10-reorged-fix	logs/fix-after-packages.exit	8	cc258d839e50d5e0cf220528399d5c29a6bcc5c3a9ee2616a915627e0363d91d	copied	
cut10-reorged-fix	logs/fix-after-packages.head	96	8d39916e08124290dbad6db03cce610651f4a3c52f4152c91df79f203423e119	copied	
cut10-reorged-fix	logs/fix-after-packages.json	231013	6c62c4de55b8452ee93a6b6a24fb7a02caa6c006d8e7f4248f41402b2b8a7f4a	copied	
cut10-reorged-fix	logs/fix-after-packages.log	15378	ac12d23a5ff62abfecdbdb502466c45c5962ebde0157353f2f94f82446468264	copied	
cut10-reorged-fix	logs/fix-after-packages.status	303	1d7fceddd1d7d1e5d7aced47e040a1ae67a6eaeac2ce041e08196063fa3debf3	copied	
cut10-reorged-fix	logs/fix-after-targeted.exit	8	cc258d839e50d5e0cf220528399d5c29a6bcc5c3a9ee2616a915627e0363d91d	copied	
cut10-reorged-fix	logs/fix-after-targeted.head	96	8d39916e08124290dbad6db03cce610651f4a3c52f4152c91df79f203423e119	copied	
cut10-reorged-fix	logs/fix-after-targeted.json	21153	7e36b230dc02e9954e94caf30542887bda0a154429600d2cf5f23f4ae7f749bd	copied	
cut10-reorged-fix	logs/fix-after-targeted.log	2187	374a3589932afc0fca3411c3eab8ed3ebcb6415b3557e934ed8ded713ef6e412	copied	
cut10-reorged-fix	logs/fix-after-targeted.status	303	1d7fceddd1d7d1e5d7aced47e040a1ae67a6eaeac2ce041e08196063fa3debf3	copied	
cut10-reorged-fix	logs/fix-before-regression.exit	8	bf03f07f4d7cc54b16f60f2867e4e759f806ec32efc8167e514fe0e45ee20ea6	copied	
cut10-reorged-fix	logs/fix-before-regression.head	96	8d39916e08124290dbad6db03cce610651f4a3c52f4152c91df79f203423e119	copied	
cut10-reorged-fix	logs/fix-before-regression.json	31964	7754abfa64d96ea9b27f4dfe389c2478e1ea2b69b950896618532a60e5b405dd	copied	
cut10-reorged-fix	logs/fix-before-regression.log	11171	e47b30a46cc2a1966ec26ae6c620f2f3d5ed01840cb69ce06a40a34d24e12223	copied	
cut10-reorged-fix	logs/fix-before-regression.status	117	87d06737c3af8bd561eebf1698904dd75a6df915886e41a3972f465677c7f27a	copied	
cut10-reorged-fix	logs/fix-before-regression2-R2-updated.exit	8	bf03f07f4d7cc54b16f60f2867e4e759f806ec32efc8167e514fe0e45ee20ea6	copied	
cut10-reorged-fix	logs/fix-before-regression2-R2-updated.head	96	8d39916e08124290dbad6db03cce610651f4a3c52f4152c91df79f203423e119	copied	
cut10-reorged-fix	logs/fix-before-regression2-R2-updated.json	16197	cbfa2bff1f195a6b472cdb41db359cbd7c111f41ae49fc92bd3ae964ae765a65	copied	
cut10-reorged-fix	logs/fix-before-regression2-R2-updated.log	10457	00e0bdcd3fc969870706938680280077dc5219afe1d8316a0b1881c79f3062a9	copied	
cut10-reorged-fix	logs/fix-before-regression2-R2-updated.status	117	87d06737c3af8bd561eebf1698904dd75a6df915886e41a3972f465677c7f27a	copied	
cut10-reorged-fix	logs/hk-fix-build-after.log	30629	d80cf5a8144a77cf3b0cae1607976afd44c4c4e25c8d69a56026b39618348b83	copied	
cut10-reorged-fix	logs/hk-fix-build-before.log	30639	37cfb782154db1363eb65c56cda908f944c8a8f86a4a831f52db0ad2e5013060	copied	
cut10-reorged-fix	logs/hk-fix-install.log	6627	e132f6e02f1fb9c431f64ddb8cf46038b2aa7f77e84c2758088946a69ad31188	copied	
cut10-reorged-fix	logs/hk-fix-typecheck-after-run2.log	106	5ba27212e2f6d1e15f00bcf65ed27879a2b29d9a6446596fbd5bacc0ce3ffbac	copied	
cut10-reorged-fix	logs/hk-fix-typecheck-after.log	1414	07d976f15bf515183dd55431ea7db1433080035ca85fdfdf1e80d13a0efeb818	copied	
cut10-reorged-fix	logs/hk-fix2-build-after.log	30677	938fc5bdb9023f7a39b18311776cb391fa657068da908a48bf1d3f4e9e04ceb2	copied	
cut10-reorged-fix	logs/hk-fix2-build-head.log	30685	eafad5267512571f42a4ba95642ab742740657eb9c46bbec62ad4b374bc09e78	copied	
cut10-reorged-fix	logs/hk-fix2-install.log	5512	041087d782e027b1e06f4e2df69b70905ce35b81697ed3cbc154c4a45e454844	copied	
cut10-reorged-fix	logs/hk-fix2-typecheck-after.log	106	5ba27212e2f6d1e15f00bcf65ed27879a2b29d9a6446596fbd5bacc0ce3ffbac	copied	
cut10-reorged-fix	logs/hk-fix2-worktree-add.log	2674	a391bd1fc71843c4c2b92938cd06018bc4fcfbe196cfde6ea4c0e0b8b8d86c04	copied	
cut10-reorged-fix	logs/late-after-gate1.exit	23	07fb34595861cfd8ca3d08667a9118ff0116eac1318d52d5c1a894edf0e76199	copied	
cut10-reorged-fix	logs/late-after-gate1.head	97	a9fe5dd71e7340c375b48a1055bfb209c93902e3db2951b7056473326f9be91f	copied	
cut10-reorged-fix	logs/late-after-gate1.json	758739	d0a09efc5d26499cd49397310bd54f3a47616f7457fbf8ea63f7030678f94609	copied	
cut10-reorged-fix	logs/late-after-gate1.log	87607	429e691e4f5f7bd32ef5222a02ba03a4870fa56bec6be08877b0f4e7144eef7f	copied	
cut10-reorged-fix	logs/late-after-gate1.status	303	1d7fceddd1d7d1e5d7aced47e040a1ae67a6eaeac2ce041e08196063fa3debf3	copied	
cut10-reorged-fix	logs/late-after-targeted.exit	8	cc258d839e50d5e0cf220528399d5c29a6bcc5c3a9ee2616a915627e0363d91d	copied	
cut10-reorged-fix	logs/late-after-targeted.head	97	a9fe5dd71e7340c375b48a1055bfb209c93902e3db2951b7056473326f9be91f	copied	
cut10-reorged-fix	logs/late-after-targeted.json	21592	2086999fdcddb78b3bbaea3bf341da2b8a6c3a54dc91004357a04c6d4e89bf15	copied	
cut10-reorged-fix	logs/late-after-targeted.log	2191	06b4567a1daaa3a7a1e418ae2f57fe875f3dbffc08fa54d2dcb623fbb91e1cf2	copied	
cut10-reorged-fix	logs/late-after-targeted.status	303	1d7fceddd1d7d1e5d7aced47e040a1ae67a6eaeac2ce041e08196063fa3debf3	copied	
cut10-reorged-fix	logs/late-before-regression.exit	8	bf03f07f4d7cc54b16f60f2867e4e759f806ec32efc8167e514fe0e45ee20ea6	copied	
cut10-reorged-fix	logs/late-before-regression.head	97	a9fe5dd71e7340c375b48a1055bfb209c93902e3db2951b7056473326f9be91f	copied	
cut10-reorged-fix	logs/late-before-regression.json	34168	c464cedefe5b7947281dd02c8703bdccb6fe089520f8338affac2d5393c208fd	copied	
cut10-reorged-fix	logs/late-before-regression.log	12589	dbd7b507b3ef989fce808f8068b755133157298d837093513c019b3b456a5df2	copied	
cut10-reorged-fix	logs/late-before-regression.status	117	87d06737c3af8bd561eebf1698904dd75a6df915886e41a3972f465677c7f27a	copied	
cut10-reorged-fix	logs/late-version-check.log	522	3bfc5a43c764baf0e7bd7f69b50062cde07b8453bdbb294f268ad50f2d5f7285	copied	
cut10-reorged-fix	logs/safe-rm-hk-fix-rest.log	167	88a32184f7eec29113393ab89975aedfa10093746ac6dda2a99e32902f233c69	copied	
cut10-reorged-fix	logs/safe-rm-hk-fix-wt.log	181	a517f16cbe0cd07c6fcfd08d6071e1221dc2aae97a7d464d4a640ccaf6afa1e9	copied	
cut10-reorged-fix	logs/safe-rm-hk-fix2-wt.log	182	a5b363eae4c8c2201182de9f7fd8549901f2f8f9be5ff173ec09db8ec9e980e1	copied	
cut10-reorged-fix	miner-compare.mjs	1084	153f3ae95d8ddf01cdf65c9f15298bab774e623f3560bb951da0b7212b3d096d	copied	
cut10-reorged-fix	record-2.follow.json	14939	a483f465e8008c9b51187a9b42664285f38a104a9f89fc99f99ba7f4f1587415	copied	
cut10-reorged-fix	report/reorged-fix.html	20686	7a5e2c5d45e3558af8b910133e2b306d012282690a5355fbf1445b1a21e46bc2	copied	
cut10-reorged-fix	run-files-wt.ps1	1500	5799064be6014a6a55e1c962bb5a44ac5eea8842d45e704a899846e2bbfcac4c	copied	
cut10-reorged-fix	run-full-wt.ps1	1698	ba67347ca5cda64d01fe76804d5926dd3350dfcb74410cd33140fe29af320e03	copied	
cut10-reorged-fix	snapshot-docker.mjs	1422	6f01cb51646312ad6251742642dca1a260dc033c022f589a957b8a246490e74a	copied	
cut10-reorged-fix	verify-links.mjs	3848	716d948e1299f5c86ba458d13e6bab18f5db5b15f2a9e8890ea64c9f75f4e9c7	copied	
cut11-late	reorged-acceptance-churn.test.ts	16268	d018e58ee58cf7a0fd4e2e29d18db1450d855efb3eef7926b9a9e248a0481a1d	copied	
cut11-late	tx-status.ts	25380	624a5644d9122249f7d9391494bae6088dca929e0efe92a8c930e3a0f4e20544	copied	
